<SopCast>
	<LiveUpdate>
		<LatestVersion>
			3.0.3
		</LatestVersion>
		<DataPackageURL>
			http://download.sopcast.com/download/Update-3.0.3.zip
		</DataPackageURL>
		<Finished>
			0
		</Finished>
	</LiveUpdate>
	<LiveMessage>
		<message>
			<title cn="SopCast VoD- SopCast P2P点播系统 β 版 抢先试用">
				SopCast VoD movies - Video On Demand over P2P...
			</title>
			<url cn="http://www.sopcast.com/cn/vod/index.jsp">
				http://www.sopcast.com/vod/index.jsp
			</url>
		</message>
		<message>
			<title cn="SopCast 3.0.3, 更多丰富节目，更多实用功能">
				SopCast 3.0.3, more channels, more features...
			</title>
			<url cn="http://www.sopcast.com/cn/doc/v095/index.jsp">
				http://www.sopcast.com/doc/v095/index.jsp
			</url>
		</message>
		<message>
			<title cn="嵌入式SopCast,让您的网站，blog中拥有自己的频道...">
				How to add SopCast to your blog, web, myspace pages?
			</title>
			<url cn="http://www.sopcast.com/cn/doc/sopembedusage.jsp">
				http://www.sopcast.com/doc/sopembedusage.jsp
			</url>
		</message>
		<message>
			<title cn="体育赛事时间表，不断更新">
				Hot live game schedule, never miss your favorate games!
			</title>
			<url cn="http://www.sopcast.com/cn/channel/tvguide.jsp">
				http://www.sopcast.com/channel/tvguide.jsp
			</url>
		</message>
		<message>
			<title cn="在SopCast上做您的广告...">
				Free advertisement impression service on SopCast!
			</title>
			<url cn="http://channel.sopcast.com/cn/ad/index.jsp">
				http://channel.sopcast.com/ad/index.jsp
			</url>
		</message>
		<message>
			<title cn="www.joytopic.com悠趣宽频 BT电影">
				www.joytopic.com Free Movies over P2P!
			</title>
			<url cn="http://www.joytopic.com">
				http://www.joytopic.com
			</url>
		</message>
		<message>
			<title cn="在SopCast播放分享您自己的频道，完全指导手册">
				Broadcast and share your own channel on Sopcast, complete manual...
			</title>
			<url cn="http://www.sopcast.com/cn/doc/mediaencoder1.jsp">
				http://www.sopcast.com/doc/mediaencoder1.jsp
			</url>
		</message>
	</LiveMessage>
</SopCast>
