<rss version="2.0">
	<channel>
		<title>
			SopCast Advertisement System
		</title>
		<description>
			SopCast Advertisement Distribution System
		</description>
		<copyright>
			SopCast Company, Inc.
		</copyright>
		<language>
			zh_CN
		</language>
		<lastBuildDate>
			Tue, 20 Jan 2015 14:10:33 GMT
		</lastBuildDate>
		<version>
			1.1.1
		</version>
		<rssUpdateInterval>
			180
		</rssUpdateInterval>
		<statUpdateInterval>
			300
		</statUpdateInterval>
		<excludeChannel/>
		<playRatio>
			100
		</playRatio>
		<item>
			<title>
				adhost_pw
			</title>
			<link>
				http://addl.easetuner.com/admedia/45FB33F9-7101-B543-913F-31CC43C1BC2B.zip
			</link>
			<description>
				http://www.sopcast.com/
			</description>
			<author>
				adhost
			</author>
			<updateDate>
				Wed, 20 Feb 2013 15:07:53 GMT
			</updateDate>
			<guid>
				45FB33F9-7101-B543-913F-31CC43C1BC2B
			</guid>
			<redirectURL>
				http://www.sopcast.com/
			</redirectURL>
			<priority>
				20
			</priority>
			<startDate>
				Tue, 13 Mar 2012 23:00:00 GMT
			</startDate>
			<endDate>
				Wed, 30 Dec 2054 23:00:00 GMT
			</endDate>
			<forLocation/>
			<forChannel/>
		</item>
		<item>
			<title>
				randad
			</title>
			<link>
				http://addl.easetuner.com/admedia/AAAAAAAAAA-BBBB-CCCC-B232-FB07ED1319F7.zip
			</link>
			<description>
				http://www.sopcast.com/
			</description>
			<author>
				adhost
			</author>
			<updateDate>
				Wed, 20 Feb 2013 15:07:53 GMT
			</updateDate>
			<guid>
				AAAAAAAAAA-BBBB-CCCC-B232-FB07ED1319F7
			</guid>
			<redirectURL>
				http://www.sopcast.com/
			</redirectURL>
			<priority>
				5
			</priority>
			<startDate>
				Tue, 13 Mar 2012 23:00:00 GMT
			</startDate>
			<endDate>
				Wed, 30 Dec 2054 23:00:00 GMT
			</endDate>
			<forLocation/>
			<forChannel/>
		</item>
	</channel>
</rss>
