<channels version="Thu, 26 May 2016 04:08:36.117 GMT" domain=".scpd.live" info_time="Thu, 05 Apr 2007 09:19:03 GMT">
	<group id="3" type="1" en="News &amp; Education" cn="新闻综合教育类" description="News &amp; Education">
		News &amp; Education [新闻综合教育类]
		<channel id="9761" type="0" btype="0" language="en">
			<name en="CCTV-4(h)" cn="CCTV-4(h)">
				CCTV-4
			</name>
			<status>
				2
			</status>
			<region en="China" cn="中国">
				CN
			</region>
			<class en="News" cn="新闻类">
				6
			</class>
			<user_count>
				15
			</user_count>
			<sn>
				4125
			</sn>
			<visit_count>
				1810094
			</visit_count>
			<start_from>
				Wed, 25 May 2016 23:27:16 GMT
			</start_from>
			<stream_type>
				mpeg-ts
			</stream_type>
			<kbps>
				800
			</kbps>
			<qs>
				100
			</qs>
			<qc>
				86
			</qc>
			<sop_address>
				<item>
					sop://124.232.150.188:3920/5191
				</item>
			</sop_address>
			<description cn="">
				New
			</description>
		</channel>
		<channel id="11265" type="0" btype="0" language="en">
			<name en="CCTV-14(h)" cn="CCTV-14(h)">
				CCTV-14
			</name>
			<status>
				2
			</status>
			<region en="China" cn="中国">
				CN
			</region>
			<class en="Sports" cn="体育类">
				2
			</class>
			<user_count>
				12
			</user_count>
			<sn>
				4120
			</sn>
			<visit_count>
				802372
			</visit_count>
			<start_from>
				Sat, 21 May 2016 08:28:30 GMT
			</start_from>
			<stream_type>
				mpeg-ts
			</stream_type>
			<kbps>
				800
			</kbps>
			<qs>
				100
			</qs>
			<qc>
				96
			</qc>
			<sop_address>
				<item>
					sop://124.232.150.188:3920/5197
				</item>
			</sop_address>
			<description cn="">
				频道描述：
播放时间：24×7
Email：user@your.com
			</description>
		</channel>
	</group>
	<group id="4" type="1" en="Entertainment  Channels" cn="" description="Description:娱乐综艺频道 Entertainmnet  &amp; Comedy  Channels
Channels
Schedule:24*7
Type:Fully Public   


">
		Entertainment  Channels
		<channel id="12921" type="0" btype="0" language="en">
			<name en="Shanghai TV" cn="東方衛視">
				Shanghai TV [東方衛視]
			</name>
			<status>
				2
			</status>
			<region en="United States" cn="美国">
				US
			</region>
			<class en="Entertainmnet" cn="娱乐类">
				1
			</class>
			<user_count>
				14
			</user_count>
			<sn>
				4123
			</sn>
			<visit_count>
				1674024
			</visit_count>
			<start_from>
				Tue, 28 Apr 2015 06:42:57 GMT
			</start_from>
			<stream_type>
				mpeg-ts
			</stream_type>
			<kbps>
				800
			</kbps>
			<qs>
				100
			</qs>
			<qc>
				97
			</qc>
			<sop_address>
				<item>
					sop://124.232.150.188:3920/5195
				</item>
			</sop_address>
			<description cn="">
				上海东方卫视(h)
			</description>
		</channel>
		<channel id="14297" type="1" btype="0" language="en">
			<name en="湖南卫视(h)" cn="湖南卫视(h)">
				湖南卫视(h) [湖南卫视(h)]
			</name>
			<status>
				2
			</status>
			<region en="United States" cn="美国">
				US
			</region>
			<class en="News" cn="新闻类">
				6
			</class>
			<user_count>
				12
			</user_count>
			<sn>
				4122
			</sn>
			<visit_count>
				550948
			</visit_count>
			<start_from>
				Fri, 20 May 2016 11:05:49 GMT
			</start_from>
			<stream_type>
				mpeg-ts
			</stream_type>
			<kbps>
				0
			</kbps>
			<qs>
				100
			</qs>
			<qc>
				95
			</qc>
			<sop_address>
				<item>
					sop://124.232.150.188:3920/5192
				</item>
			</sop_address>
			<description cn="">
				湖南卫视(h)
			</description>
		</channel>
	</group>
	<group id="5" type="1" en="Movies Group" cn="电影放映区" description="Movies Group">
		Movies Group [电影放映区]
		<channel id="25752" type="1" btype="0" language="en">
			<name en="Zhejiang TV" cn="浙江卫视">
				Zhejiang TV [浙江卫视]
			</name>
			<status>
				2
			</status>
			<region en="China" cn="中国">
				CN
			</region>
			<class en="General" cn="综合类">
				3
			</class>
			<user_count>
				12
			</user_count>
			<sn>
				4122
			</sn>
			<visit_count>
				181124
			</visit_count>
			<start_from>
				Fri, 20 May 2016 11:06:28 GMT
			</start_from>
			<stream_type>
				mpeg-ts
			</stream_type>
			<kbps>
				0
			</kbps>
			<qs>
				100
			</qs>
			<qc>
				99
			</qc>
			<sop_address>
				<item>
					sop://124.232.150.188:3920/5194
				</item>
			</sop_address>
			<description cn="频道描述：
播放时间：24×7
Email：user@your.com">
				zjtv
			</description>
		</channel>
		<channel id="25753" type="0" btype="0" language="en">
			<name en="Zhujiang TV" cn="珠江台">
				鐝犳睙鍙
			</name>
			<status>
				2
			</status>
			<region en="China" cn="中国">
				CN
			</region>
			<class en="Movies" cn="电影">
				9
			</class>
			<user_count>
				12
			</user_count>
			<sn>
				4122
			</sn>
			<visit_count>
				1143890
			</visit_count>
			<start_from>
				Thu, 19 May 2016 13:06:26 GMT
			</start_from>
			<stream_type>
				mpeg-ts
			</stream_type>
			<kbps>
				800
			</kbps>
			<qs>
				99
			</qs>
			<qc>
				99
			</qc>
			<sop_address>
				<item>
					sop://124.232.150.188:3920/5185
				</item>
			</sop_address>
			<description cn="频道描述：
播放时间：24×7
Email：user@your.com">
				Zhujiang TV
			</description>
		</channel>
	</group>
	<group id="7" type="0" en="H264 Channel" cn="" description="Description:News, entertainment, sports, documentory



">
		H264 Channel
		<channel id="8891" type="1" btype="0" language="zh_CN">
			<name en="凤凰资讯(h)" cn="凤凰资讯(h)">
				鍑ゅ嚢鍜ㄨ
			</name>
			<status>
				2
			</status>
			<region en="China" cn="中国">
				CN
			</region>
			<class en="Entertainmnet" cn="娱乐类">
				1
			</class>
			<user_count>
				15
			</user_count>
			<sn>
				4125
			</sn>
			<visit_count>
				519554
			</visit_count>
			<start_from>
				Thu, 19 May 2016 12:57:25 GMT
			</start_from>
			<stream_type>
				mpeg-ts
			</stream_type>
			<kbps>
				800
			</kbps>
			<qs>
				100
			</qs>
			<qc>
				94
			</qc>
			<sop_address>
				<item>
					sop://124.232.150.188:3920/5186
				</item>
			</sop_address>
			<description cn="">
				凤凰资讯(h)
			</description>
		</channel>
		<channel id="8892" type="1" btype="0" language="en">
			<name en="凤凰中文(h)" cn="凤凰中文(h)">
				鍑ゅ嚢涓
			</name>
			<status>
				2
			</status>
			<region en="China" cn="中国">
				CN
			</region>
			<class en="Education" cn="教育类">
				8
			</class>
			<user_count>
				14
			</user_count>
			<sn>
				4123
			</sn>
			<visit_count>
				369802
			</visit_count>
			<start_from>
				Thu, 19 May 2016 12:57:32 GMT
			</start_from>
			<stream_type>
				mpeg-ts
			</stream_type>
			<kbps>
				800
			</kbps>
			<qs>
				100
			</qs>
			<qc>
				83
			</qc>
			<sop_address>
				<item>
					sop://124.232.150.188:3920/5188
				</item>
			</sop_address>
			<description cn="">
				DongSen
			</description>
		</channel>
		<channel id="8893" type="0" btype="0" language="en">
			<name en="CCTV-1(h)" cn="CCTV-1(h)">
				CCTV-1
			</name>
			<status>
				2
			</status>
			<region en="United States" cn="美国">
				US
			</region>
			<class en="General" cn="综合类">
				3
			</class>
			<user_count>
				14
			</user_count>
			<sn>
				4123
			</sn>
			<visit_count>
				1794770
			</visit_count>
			<start_from>
				Sat, 21 May 2016 08:30:18 GMT
			</start_from>
			<stream_type>
				mpeg-ts
			</stream_type>
			<kbps>
				800
			</kbps>
			<qs>
				100
			</qs>
			<qc>
				93
			</qc>
			<sop_address>
				<item>
					sop://124.232.150.188:3920/5190
				</item>
			</sop_address>
			<description cn="">
				satellitetvtopc.com
			</description>
		</channel>
		<channel id="9761" type="0" btype="0" language="en">
			<name en="CCTV-4(h)" cn="CCTV-4(h)">
				CCTV-4
			</name>
			<status>
				2
			</status>
			<region en="China" cn="中国">
				CN
			</region>
			<class en="News" cn="新闻类">
				6
			</class>
			<user_count>
				15
			</user_count>
			<sn>
				4125
			</sn>
			<visit_count>
				1810094
			</visit_count>
			<start_from>
				Wed, 25 May 2016 23:27:16 GMT
			</start_from>
			<stream_type>
				mpeg-ts
			</stream_type>
			<kbps>
				800
			</kbps>
			<qs>
				100
			</qs>
			<qc>
				86
			</qc>
			<sop_address>
				<item>
					sop://124.232.150.188:3920/5191
				</item>
			</sop_address>
			<description cn="">
				New
			</description>
		</channel>
		<channel id="11265" type="0" btype="0" language="en">
			<name en="CCTV-14(h)" cn="CCTV-14(h)">
				CCTV-14
			</name>
			<status>
				2
			</status>
			<region en="China" cn="中国">
				CN
			</region>
			<class en="Sports" cn="体育类">
				2
			</class>
			<user_count>
				12
			</user_count>
			<sn>
				4120
			</sn>
			<visit_count>
				802372
			</visit_count>
			<start_from>
				Sat, 21 May 2016 08:28:30 GMT
			</start_from>
			<stream_type>
				mpeg-ts
			</stream_type>
			<kbps>
				800
			</kbps>
			<qs>
				100
			</qs>
			<qc>
				96
			</qc>
			<sop_address>
				<item>
					sop://124.232.150.188:3920/5197
				</item>
			</sop_address>
			<description cn="">
				频道描述：
播放时间：24×7
Email：user@your.com
			</description>
		</channel>
		<channel id="11266" type="0" btype="0" language="en">
			<name en="Beijing TV" cn="北京衛視">
				Beijing TV [北京衛視]
			</name>
			<status>
				2
			</status>
			<region en="Hong Kong SAR" cn="香港特别行政区">
				HK
			</region>
			<class en="Sports" cn="体育类">
				2
			</class>
			<user_count>
				12
			</user_count>
			<sn>
				4122
			</sn>
			<visit_count>
				1242290
			</visit_count>
			<start_from>
				Mon, 01 Jun 2015 03:52:33 GMT
			</start_from>
			<stream_type>
				mpeg-ts
			</stream_type>
			<kbps>
				800
			</kbps>
			<qs>
				100
			</qs>
			<qc>
				99
			</qc>
			<sop_address>
				<item>
					sop://124.232.150.188:3920/5193
				</item>
			</sop_address>
			<description cn="">
				频道描述：
播放时间：24×7
Email：hk12990@hotmail.com
			</description>
		</channel>
		<channel id="12921" type="0" btype="0" language="en">
			<name en="Shanghai TV" cn="東方衛視">
				Shanghai TV [東方衛視]
			</name>
			<status>
				2
			</status>
			<region en="United States" cn="美国">
				US
			</region>
			<class en="Entertainmnet" cn="娱乐类">
				1
			</class>
			<user_count>
				14
			</user_count>
			<sn>
				4123
			</sn>
			<visit_count>
				1674024
			</visit_count>
			<start_from>
				Tue, 28 Apr 2015 06:42:57 GMT
			</start_from>
			<stream_type>
				mpeg-ts
			</stream_type>
			<kbps>
				800
			</kbps>
			<qs>
				100
			</qs>
			<qc>
				97
			</qc>
			<sop_address>
				<item>
					sop://124.232.150.188:3920/5195
				</item>
			</sop_address>
			<description cn="">
				上海东方卫视(h)
			</description>
		</channel>
		<channel id="14297" type="1" btype="0" language="en">
			<name en="湖南卫视(h)" cn="湖南卫视(h)">
				湖南卫视(h) [湖南卫视(h)]
			</name>
			<status>
				2
			</status>
			<region en="United States" cn="美国">
				US
			</region>
			<class en="News" cn="新闻类">
				6
			</class>
			<user_count>
				12
			</user_count>
			<sn>
				4122
			</sn>
			<visit_count>
				550948
			</visit_count>
			<start_from>
				Fri, 20 May 2016 11:05:49 GMT
			</start_from>
			<stream_type>
				mpeg-ts
			</stream_type>
			<kbps>
				0
			</kbps>
			<qs>
				100
			</qs>
			<qc>
				95
			</qc>
			<sop_address>
				<item>
					sop://124.232.150.188:3920/5192
				</item>
			</sop_address>
			<description cn="">
				湖南卫视(h)
			</description>
		</channel>
	</group>
	<group id="9" type="0" en="Comic | Game | Music" cn="动漫 |  游戏 | 音乐" description="Comic | Game | Music |  动漫 |  游戏 | 音乐
">
		Comic | Game | Music [动漫 |  游戏 | 音乐]
		<channel id="25762" type="0" btype="0" language="en">
			<name en="TLC" cn="旅遊生活頻道">
				TLC
			</name>
			<status>
				2
			</status>
			<region en="Taiwan" cn="台湾">
				TW
			</region>
			<class en="Entertainmnet" cn="娱乐类">
				1
			</class>
			<user_count>
				14
			</user_count>
			<sn>
				4123
			</sn>
			<visit_count>
				1795079
			</visit_count>
			<start_from>
				Fri, 18 Mar 2016 16:06:29 GMT
			</start_from>
			<stream_type>
				mpeg-ts
			</stream_type>
			<kbps>
				600
			</kbps>
			<qs>
				100
			</qs>
			<qc>
				94
			</qc>
			<sop_address>
				<item>
					sop://124.232.150.188:3920/5701
				</item>
			</sop_address>
			<description cn="test">
				test
			</description>
		</channel>
	</group>
	<group id="13" type="0" en="tw channels" cn="tw channels" description="test">
		tw channels [tw channels]
		<channel id="25757" type="0" btype="0" language="en">
			<name en="TTV" cn="台視">
				TTV
			</name>
			<status>
				2
			</status>
			<region en="Taiwan" cn="台湾">
				TW
			</region>
			<class en="Entertainmnet" cn="娱乐类">
				1
			</class>
			<user_count>
				15
			</user_count>
			<sn>
				4125
			</sn>
			<visit_count>
				4333105
			</visit_count>
			<start_from>
				Thu, 07 Apr 2016 16:52:43 GMT
			</start_from>
			<stream_type>
				mpeg-ts
			</stream_type>
			<kbps>
				600
			</kbps>
			<qs>
				100
			</qs>
			<qc>
				90
			</qc>
			<sop_address>
				<item>
					sop://124.232.150.188:3920/5696
				</item>
			</sop_address>
			<description cn="test">
				test
			</description>
		</channel>
		<channel id="25758" type="0" btype="0" language="en">
			<name en="VL SPORTS" cn="緯來體育台">
				VLSPORTS
			</name>
			<status>
				2
			</status>
			<region en="Taiwan" cn="台湾">
				TW
			</region>
			<class en="Entertainmnet" cn="娱乐类">
				1
			</class>
			<user_count>
				17
			</user_count>
			<sn>
				4128
			</sn>
			<visit_count>
				2455075
			</visit_count>
			<start_from>
				Thu, 26 May 2016 02:26:52 GMT
			</start_from>
			<stream_type>
				mpeg-ts
			</stream_type>
			<kbps>
				600
			</kbps>
			<qs>
				100
			</qs>
			<qc>
				91
			</qc>
			<sop_address>
				<item>
					sop://124.232.150.188:3920/5697
				</item>
			</sop_address>
			<description cn="test">
				test
			</description>
		</channel>
		<channel id="25761" type="0" btype="0" language="en">
			<name en="Discovery" cn="Discovery">
				Discovery
			</name>
			<status>
				2
			</status>
			<region en="Taiwan" cn="台湾">
				TW
			</region>
			<class en="Entertainmnet" cn="娱乐类">
				1
			</class>
			<user_count>
				15
			</user_count>
			<sn>
				4125
			</sn>
			<visit_count>
				4218911
			</visit_count>
			<start_from>
				Sat, 16 Apr 2016 05:51:51 GMT
			</start_from>
			<stream_type>
				mpeg-ts
			</stream_type>
			<kbps>
				600
			</kbps>
			<qs>
				100
			</qs>
			<qc>
				87
			</qc>
			<sop_address>
				<item>
					sop://124.232.150.188:3920/5700
				</item>
			</sop_address>
			<description cn="test">
				test
			</description>
		</channel>
		<channel id="25765" type="0" btype="0" language="en">
			<name en="VL ENT" cn="緯來綜合台">
				VLEntertainment
			</name>
			<status>
				2
			</status>
			<region en="Taiwan" cn="台湾">
				TW
			</region>
			<class en="Entertainmnet" cn="娱乐类">
				1
			</class>
			<user_count>
				16
			</user_count>
			<sn>
				4128
			</sn>
			<visit_count>
				2197535
			</visit_count>
			<start_from>
				Sun, 22 May 2016 01:41:51 GMT
			</start_from>
			<stream_type>
				mpeg-ts
			</stream_type>
			<kbps>
				600
			</kbps>
			<qs>
				100
			</qs>
			<qc>
				88
			</qc>
			<sop_address>
				<item>
					sop://124.232.150.188:3920/5704
				</item>
			</sop_address>
			<description cn="test">
				test
			</description>
		</channel>
		<channel id="25770" type="0" btype="0" language="en">
			<name en="Cti Entertainment" cn="中天娛樂台">
				CtiEntertainment
			</name>
			<status>
				2
			</status>
			<region en="Taiwan" cn="台湾">
				TW
			</region>
			<class en="Entertainmnet" cn="娱乐类">
				1
			</class>
			<user_count>
				12
			</user_count>
			<sn>
				4122
			</sn>
			<visit_count>
				2221425
			</visit_count>
			<start_from>
				Sat, 21 May 2016 17:20:40 GMT
			</start_from>
			<stream_type>
				mpeg-ts
			</stream_type>
			<kbps>
				600
			</kbps>
			<qs>
				100
			</qs>
			<qc>
				92
			</qc>
			<sop_address>
				<item>
					sop://124.232.150.188:3920/5709
				</item>
			</sop_address>
			<description cn="test">
				test
			</description>
		</channel>
		<channel id="25771" type="0" btype="0" language="en">
			<name en="VL Drama" cn="緯來戲劇台">
				VLDrama
			</name>
			<status>
				2
			</status>
			<region en="Taiwan" cn="台湾">
				TW
			</region>
			<class en="Entertainmnet" cn="娱乐类">
				1
			</class>
			<user_count>
				14
			</user_count>
			<sn>
				4125
			</sn>
			<visit_count>
				1631503
			</visit_count>
			<start_from>
				Fri, 01 Apr 2016 00:23:06 GMT
			</start_from>
			<stream_type>
				mpeg-ts
			</stream_type>
			<kbps>
				600
			</kbps>
			<qs>
				100
			</qs>
			<qc>
				90
			</qc>
			<sop_address>
				<item>
					sop://124.232.150.188:3920/5710
				</item>
			</sop_address>
			<description cn="test">
				test
			</description>
		</channel>
		<channel id="25772" type="0" btype="0" language="en">
			<name en="NextTV NEWS" cn="壹電視新聞">
				NextTVNEWS
			</name>
			<status>
				2
			</status>
			<region en="Taiwan" cn="台湾">
				TW
			</region>
			<class en="Entertainmnet" cn="娱乐类">
				1
			</class>
			<user_count>
				23
			</user_count>
			<sn>
				4139
			</sn>
			<visit_count>
				7171147
			</visit_count>
			<start_from>
				Sat, 14 May 2016 23:21:31 GMT
			</start_from>
			<stream_type>
				mpeg-ts
			</stream_type>
			<kbps>
				600
			</kbps>
			<qs>
				100
			</qs>
			<qc>
				95
			</qc>
			<sop_address>
				<item>
					sop://124.232.150.188:3920/5711
				</item>
			</sop_address>
			<description cn="test">
				test
			</description>
		</channel>
		<channel id="25780" type="0" btype="0" language="en">
			<name en="EBC FNC" cn="東森財經新聞台">
				EBCFNC
			</name>
			<status>
				2
			</status>
			<region en="Taiwan" cn="台湾">
				TW
			</region>
			<class en="Entertainmnet" cn="娱乐类">
				1
			</class>
			<user_count>
				24
			</user_count>
			<sn>
				4140
			</sn>
			<visit_count>
				4188593
			</visit_count>
			<start_from>
				Tue, 08 Mar 2016 23:48:32 GMT
			</start_from>
			<stream_type>
				mpeg-ts
			</stream_type>
			<kbps>
				600
			</kbps>
			<qs>
				100
			</qs>
			<qc>
				97
			</qc>
			<sop_address>
				<item>
					sop://124.232.150.188:3920/5719
				</item>
			</sop_address>
			<description cn="test">
				test
			</description>
		</channel>
		<channel id="25788" type="0" btype="0" language="en">
			<name en="VL SPORT" cn="緯來體育台">
				VLSPORTS
			</name>
			<status>
				2
			</status>
			<region en="Taiwan" cn="台湾">
				TW
			</region>
			<class en="Entertainmnet" cn="娱乐类">
				1
			</class>
			<user_count>
				22
			</user_count>
			<sn>
				4134
			</sn>
			<visit_count>
				331795
			</visit_count>
			<start_from>
				Wed, 25 May 2016 04:45:19 GMT
			</start_from>
			<stream_type>
				mpeg-ts
			</stream_type>
			<kbps>
				600
			</kbps>
			<qs>
				100
			</qs>
			<qc>
				98
			</qc>
			<sop_address>
				<item>
					sop://124.232.150.188:3920/5727
				</item>
			</sop_address>
			<description cn="test">
				test
			</description>
		</channel>
		<channel id="25794" type="0" btype="0" language="en">
			<name en="VL Japan" cn="緯來日本台">
				VLJapan
			</name>
			<status>
				2
			</status>
			<region en="Taiwan" cn="台湾">
				TW
			</region>
			<class en="Entertainmnet" cn="娱乐类">
				1
			</class>
			<user_count>
				17
			</user_count>
			<sn>
				4126
			</sn>
			<visit_count>
				3499905
			</visit_count>
			<start_from>
				Wed, 11 May 2016 02:33:57 GMT
			</start_from>
			<stream_type>
				mpeg-ts
			</stream_type>
			<kbps>
				600
			</kbps>
			<qs>
				100
			</qs>
			<qc>
				94
			</qc>
			<sop_address>
				<item>
					sop://124.232.150.188:3920/5733
				</item>
			</sop_address>
			<description cn="test">
				test
			</description>
		</channel>
	</group>
</channels>
